{"SCL:Cav01a": {"name": "SCL:Cav01a", "Q_L": 700000.0, "R_over_Q": 483.0, "amp": 15000000.0, "phase": 103.66, "BPM_ref": {"SCL_Diag:BPM00b": -1.278246297116734}}, "SCL:Cav01b": {"name": "SCL:Cav01b", "Q_L": 700000.0, "R_over_Q": 483.0, "amp": 15000000.0, "phase": 110.7, "BPM_ref": {"SCL_Diag:BPM00b": -1.1553751177763338}}, "SCL:Cav01c": {"name": "SCL:Cav01c", "Q_L": 700000.0, "R_over_Q": 483.0, "amp": 15000000.0, "phase": 113.42, "BPM_ref": {"SCL_Diag:BPM00b": -1.1079021621220875}}, "SCL:Cav02a": {"name": "SCL:Cav02a", "Q_L": 700000.0, "R_over_Q": 483.0, "amp": 15000000.0, "phase": 118.31, "BPM_ref": {"SCL_Diag:BPM01": -0.22891439673800207}}, "SCL:Cav02b": {"name": "SCL:Cav02b", "Q_L": 700000.0, "R_over_Q": 483.0, "amp": 15000000.0, "phase": 133.66, "BPM_ref": {"SCL_Diag:BPM01": 0.03899364344312595}}, "SCL:Cav02c": {"name": "SCL:Cav02c", "Q_L": 700000.0, "R_over_Q": 483.0, "amp": 15000000.0, "phase": 128.04, "BPM_ref": {"SCL_Diag:BPM01": -0.0590938605189546}}, "SCL:Cav03a": {"name": "SCL:Cav03a", "Q_L": 700000.0, "R_over_Q": 483.0, "amp": 15000000.0, "phase": 132.82, "BPM_ref": {"SCL_Diag:BPM02": -1.0451785371971845}}, "SCL:Cav03b": {"name": "SCL:Cav03b", "Q_L": 700000.0, "R_over_Q": 483.0, "amp": 15000000.0, "phase": 137.52, "BPM_ref": {"SCL_Diag:BPM02": -0.9631480623534525}}, "SCL:Cav03c": {"name": "SCL:Cav03c", "Q_L": 700000.0, "R_over_Q": 483.0, "amp": 15000000.0, "phase": 142.13, "BPM_ref": {"SCL_Diag:BPM02": -0.8826883838365145}}, "SCL:Cav04a": {"name": "SCL:Cav04a", "Q_L": 700000.0, "R_over_Q": 483.0, "amp": 15000000.0, "phase": 146.64, "BPM_ref": {"SCL_Diag:BPM03": 3.127273286694579}}, "SCL:Cav04b": {"name": "SCL:Cav04b", "Q_L": 700000.0, "R_over_Q": 483.0, "amp": 15000000.0, "phase": 151.03, "BPM_ref": {"SCL_Diag:BPM03": -3.0792920663224557}}, "SCL:Cav04c": {"name": "SCL:Cav04c", "Q_L": 700000.0, "R_over_Q": 483.0, "amp": 15000000.0, "phase": 155.29, "BPM_ref": {"SCL_Diag:BPM03": -3.0049410401874983}}, "SCL:Cav05a": {"name": "SCL:Cav05a", "Q_L": 700000.0, "R_over_Q": 483.0, "amp": 15000000.0, "phase": 159.42, "BPM_ref": {"SCL_Diag:BPM04": -0.6664323598359392}}, "SCL:Cav05b": {"name": "SCL:Cav05b", "Q_L": 700000.0, "R_over_Q": 483.0, "amp": 15000000.0, "phase": 163.41, "BPM_ref": {"SCL_Diag:BPM04": -0.5967937226813653}}, "SCL:Cav05c": {"name": "SCL:Cav05c", "Q_L": 700000.0, "R_over_Q": 483.0, "amp": 15000000.0, "phase": 167.26, "BPM_ref": {"SCL_Diag:BPM04": -0.5295985464795834}}, "SCL:Cav06a": {"name": "SCL:Cav06a", "Q_L": 700000.0, "R_over_Q": 483.0, "amp": 15000000.0, "phase": 170.96, "BPM_ref": {"SCL_Diag:BPM05": -0.2839948569432771}}, "SCL:Cav06b": {"name": "SCL:Cav06b", "Q_L": 700000.0, "R_over_Q": 483.0, "amp": 15000000.0, "phase": 174.52, "BPM_ref": {"SCL_Diag:BPM05": -0.22186113557227927}}, "SCL:Cav06c": {"name": "SCL:Cav06c", "Q_L": 700000.0, "R_over_Q": 483.0, "amp": 15000000.0, "phase": 177.87, "BPM_ref": {"SCL_Diag:BPM05": -0.1633926056304702}}, "SCL:Cav07a": {"name": "SCL:Cav07a", "Q_L": 700000.0, "R_over_Q": 483.0, "amp": 15000000.0, "phase": -178.77, "BPM_ref": {"SCL_Diag:BPM06": -2.549622723093382}}, "SCL:Cav07b": {"name": "SCL:Cav07b", "Q_L": 700000.0, "R_over_Q": 483.0, "amp": 15000000.0, "phase": -175.63, "BPM_ref": {"SCL_Diag:BPM06": -2.49481938458076}}, "SCL:Cav07c": {"name": "SCL:Cav07c", "Q_L": 700000.0, "R_over_Q": 483.0, "amp": 15000000.0, "phase": -172.61, "BPM_ref": {"SCL_Diag:BPM06": -2.4421104411705308}}, "SCL:Cav08a": {"name": "SCL:Cav08a", "Q_L": 700000.0, "R_over_Q": 483.0, "amp": 15000000.0, "phase": -169.72, "BPM_ref": {"SCL_Diag:BPM07": -1.6312771013801513}}, "SCL:Cav08b": {"name": "SCL:Cav08b", "Q_L": 700000.0, "R_over_Q": 483.0, "amp": 15000000.0, "phase": -166.96, "BPM_ref": {"SCL_Diag:BPM07": -1.5831060140251072}}, "SCL:Cav08c": {"name": "SCL:Cav08c", "Q_L": 700000.0, "R_over_Q": 483.0, "amp": 15000000.0, "phase": -164.31, "BPM_ref": {"SCL_Diag:BPM07": -1.5368547888472577}}, "SCL:Cav09a": {"name": "SCL:Cav09a", "Q_L": 700000.0, "R_over_Q": 483.0, "amp": 15000000.0, "phase": -161.77, "BPM_ref": {"SCL_Diag:BPM08": 2.4249042653247255}}, "SCL:Cav09b": {"name": "SCL:Cav09b", "Q_L": 700000.0, "R_over_Q": 483.0, "amp": 15000000.0, "phase": -159.34, "BPM_ref": {"SCL_Diag:BPM08": 2.4673157661481877}}, "SCL:Cav09c": {"name": "SCL:Cav09c", "Q_L": 700000.0, "R_over_Q": 483.0, "amp": 15000000.0, "phase": -157.02, "BPM_ref": {"SCL_Diag:BPM08": 2.5078074047944554}}, "SCL:Cav10a": {"name": "SCL:Cav10a", "Q_L": 700000.0, "R_over_Q": 483.0, "amp": 15000000.0, "phase": -154.79, "BPM_ref": {"SCL_Diag:BPM09": 2.452373341862444}}, "SCL:Cav10b": {"name": "SCL:Cav10b", "Q_L": 700000.0, "R_over_Q": 483.0, "amp": 15000000.0, "phase": -152.66, "BPM_ref": {"SCL_Diag:BPM09": 2.4895488549299234}}, "SCL:Cav10c": {"name": "SCL:Cav10c", "Q_L": 700000.0, "R_over_Q": 483.0, "amp": 15000000.0, "phase": -150.61, "BPM_ref": {"SCL_Diag:BPM09": 2.5253281045958067}}, "SCL:Cav11a": {"name": "SCL:Cav11a", "Q_L": 700000.0, "R_over_Q": 483.0, "amp": 15000000.0, "phase": -148.65, "BPM_ref": {"SCL_Diag:BPM10": -1.4258377894646461}}, "SCL:Cav11b": {"name": "SCL:Cav11b", "Q_L": 700000.0, "R_over_Q": 483.0, "amp": 15000000.0, "phase": -147.78, "BPM_ref": {"SCL_Diag:BPM10": -1.4106534249722955}}, "SCL:Cav11c": {"name": "SCL:Cav11c", "Q_L": 700000.0, "R_over_Q": 483.0, "amp": 15000000.0, "phase": -146.99, "BPM_ref": {"SCL_Diag:BPM10": -1.3968653238815412}}, "SCL:Cav12a": {"name": "SCL:Cav12a", "Q_L": 700000.0, "R_over_Q": 483.0, "amp": 15000000.0, "phase": 91.38, "BPM_ref": {"SCL_Diag:BPM11": 0.768181354834375}}, "SCL:Cav12b": {"name": "SCL:Cav12b", "Q_L": 700000.0, "R_over_Q": 483.0, "amp": 15000000.0, "phase": 93.56, "BPM_ref": {"SCL_Diag:BPM11": 0.8062295325278517}}, "SCL:Cav12c": {"name": "SCL:Cav12c", "Q_L": 700000.0, "R_over_Q": 483.0, "amp": 15000000.0, "phase": 96.73, "BPM_ref": {"SCL_Diag:BPM11": 0.8615564698160716}}, "SCL:Cav12d": {"name": "SCL:Cav12d", "Q_L": 700000.0, "R_over_Q": 483.0, "amp": 15000000.0, "phase": 103.99, "BPM_ref": {"SCL_Diag:BPM11": 0.98826737351086}}, "SCL:Cav13a": {"name": "SCL:Cav13a", "Q_L": 700000.0, "R_over_Q": 483.0, "amp": 15000000.0, "phase": 103.09, "BPM_ref": {"SCL_Diag:BPM12": -2.7778257814825524}}, "SCL:Cav13b": {"name": "SCL:Cav13b", "Q_L": 700000.0, "R_over_Q": 483.0, "amp": 15000000.0, "phase": 106.25, "BPM_ref": {"SCL_Diag:BPM12": -2.7226733771195315}}, "SCL:Cav13c": {"name": "SCL:Cav13c", "Q_L": 700000.0, "R_over_Q": 483.0, "amp": 15000000.0, "phase": 109.39, "BPM_ref": {"SCL_Diag:BPM12": -2.6678700386069094}}, "SCL:Cav13d": {"name": "SCL:Cav13d", "Q_L": 700000.0, "R_over_Q": 483.0, "amp": 15000000.0, "phase": 112.5, "BPM_ref": {"SCL_Diag:BPM12": -2.6135902988698856}}, "SCL:Cav14a": {"name": "SCL:Cav14a", "Q_L": 700000.0, "R_over_Q": 483.0, "amp": 15000000.0, "phase": 115.57, "BPM_ref": {"SCL_Diag:BPM13": -1.4121214008785454}}, "SCL:Cav14b": {"name": "SCL:Cav14b", "Q_L": 700000.0, "R_over_Q": 483.0, "amp": 15000000.0, "phase": 118.61, "BPM_ref": {"SCL_Diag:BPM13": -1.3590633916179176}}, "SCL:Cav14c": {"name": "SCL:Cav14c", "Q_L": 700000.0, "R_over_Q": 483.0, "amp": 15000000.0, "phase": 121.6, "BPM_ref": {"SCL_Diag:BPM13": -1.3068780469832877}}, "SCL:Cav14d": {"name": "SCL:Cav14d", "Q_L": 700000.0, "R_over_Q": 483.0, "amp": 15000000.0, "phase": 124.53, "BPM_ref": {"SCL_Diag:BPM13": -1.2557398998998544}}, "SCL:Cav15a": {"name": "SCL:Cav15a", "Q_L": 700000.0, "R_over_Q": 483.0, "amp": 15000000.0, "phase": 127.41, "BPM_ref": {"SCL_Diag:BPM14": -1.76787548981045}}, "SCL:Cav15b": {"name": "SCL:Cav15b", "Q_L": 700000.0, "R_over_Q": 483.0, "amp": 15000000.0, "phase": 130.23, "BPM_ref": {"SCL_Diag:BPM14": -1.7186572049042095}}, "SCL:Cav15c": {"name": "SCL:Cav15c", "Q_L": 700000.0, "R_over_Q": 483.0, "amp": 15000000.0, "phase": 132.98, "BPM_ref": {"SCL_Diag:BPM14": -1.6706606504743657}}, "SCL:Cav15d": {"name": "SCL:Cav15d", "Q_L": 700000.0, "R_over_Q": 483.0, "amp": 15000000.0, "phase": 135.67, "BPM_ref": {"SCL_Diag:BPM14": -1.6237112935957185}}, "SCL:Cav16a": {"name": "SCL:Cav16a", "Q_L": 700000.0,