{"SCL:Cav01a": {"name": "SCL:Cav01a", "Q_L": 700000.0, "R_over_Q": 483.0, "amp": 15000000.0, "phase": 103.66, "BPM_ref": {"SCL_Diag:BPM01": -0.48460513215517054}}, "SCL:Cav01b": {"name": "SCL:Cav01b", "Q_L": 700000.0, "R_over_Q": 483.0, "amp": 15000000.0, "phase": 110.7, "BPM_ref": {"SCL_Diag:BPM01": -0.3617339528147703}}, "SCL:Cav01c": {"name": "SCL:Cav01c", "Q_L": 700000.0, "R_over_Q": 483.0, "amp": 15000000.0, "phase": 113.42, "BPM_ref": {"SCL_Diag:BPM01": -0.3142609971605239}}, "SCL:Cav02a": {"name": "SCL:Cav02a", "Q_L": 700000.0, "R_over_Q": 483.0, "amp": 15000000.0, "phase": 118.31, "BPM_ref": {"SCL_Diag:BPM02": -1.2984258116615628}}, "SCL:Cav02b": {"name": "SCL:Cav02b", "Q_L": 700000.0, "R_over_Q": 483.0, "amp": 15000000.0, "phase": 133.66, "BPM_ref": {"SCL_Diag:BPM02": -1.0305177714804348}}, "SCL:Cav02c": {"name": "SCL:Cav02c", "Q_L": 700000.0, "R_over_Q": 483.0, "amp": 15000000.0, "phase": 128.04, "BPM_ref": {"SCL_Diag:BPM02": -1.1286052754425153}}, "SCL:Cav03a": {"name": "SCL:Cav03a", "Q_L": 700000.0, "R_over_Q": 483.0, "amp": 15000000.0, "phase": 132.82, "BPM_ref": {"SCL_Diag:BPM03": 2.8860687840689634}}, "SCL:Cav03b": {"name": "SCL:Cav03b", "Q_L": 700000.0, "R_over_Q": 483.0, "amp": 15000000.0, "phase": 137.52, "BPM_ref": {"SCL_Diag:BPM03": 2.968099258912696}}, "SCL:Cav03c": {"name": "SCL:Cav03c", "Q_L": 700000.0, "R_over_Q": 483.0, "amp": 15000000.0, "phase": 142.13, "BPM_ref": {"SCL_Diag:BPM03": 3.0485589374296342}}, "SCL:Cav04a": {"name": "SCL:Cav04a", "Q_L": 700000.0, "R_over_Q": 483.0, "amp": 15000000.0, "phase": 146.64, "BPM_ref": {"SCL_Diag:BPM04": -0.8894854382408148}}, "SCL:Cav04b": {"name": "SCL:Cav04b", "Q_L": 700000.0, "R_over_Q": 483.0, "amp": 15000000.0, "phase": 151.03, "BPM_ref": {"SCL_Diag:BPM04": -0.8128654840782623}}, "SCL:Cav04c": {"name": "SCL:Cav04c", "Q_L": 700000.0, "R_over_Q": 483.0, "amp": 15000000.0, "phase": 155.29, "BPM_ref": {"SCL_Diag:BPM04": -0.738514457943305}}, "SCL:Cav05a": {"name": "SCL:Cav05a", "Q_L": 700000.0, "R_over_Q": 483.0, "amp": 15000000.0, "phase": 159.42, "BPM_ref": {"SCL_Diag:BPM05": -0.4854058526234244}}, "SCL:Cav05b": {"name": "SCL:Cav05b", "Q_L": 700000.0, "R_over_Q": 483.0, "amp": 15000000.0, "phase": 163.41, "BPM_ref": {"SCL_Diag:BPM05": -0.41576721546885054}}, "SCL:Cav05c": {"name": "SCL:Cav05c", "Q_L": 700000.0, "R_over_Q": 483.0, "amp": 15000000.0, "phase": 167.26, "BPM_ref": {"SCL_Diag:BPM05": -0.3485720392670686}}, "SCL:Cav06a": {"name": "SCL:Cav06a", "Q_L": 700000.0, "R_over_Q": 483.0, "amp": 15000000.0, "phase": 170.96, "BPM_ref": {"SCL_Diag:BPM06": -2.728868037273198}}, "SCL:Cav06b": {"name": "SCL:Cav06b", "Q_L": 700000.0, "R_over_Q": 483.0, "amp": 15000000.0, "phase": 174.52, "BPM_ref": {"SCL_Diag:BPM06": -2.6667343159022003}}, "SCL:Cav06c": {"name": "SCL:Cav06c", "Q_L": 700000.0, "R_over_Q": 483.0, "amp": 15000000.0, "phase": 177.87, "BPM_ref": {"SCL_Diag:BPM06": -2.6082657859603913}}, "SCL:Cav07a": {"name": "SCL:Cav07a", "Q_L": 700000.0, "R_over_Q": 483.0, "amp": 15000000.0, "phase": -178.77, "BPM_ref": {"SCL_Diag:BPM07": -1.789229398685638}}, "SCL:Cav07b": {"name": "SCL:Cav07b", "Q_L": 700000.0, "R_over_Q": 483.0, "amp": 15000000.0, "phase": -175.63, "BPM_ref": {"SCL_Diag:BPM07": -1.734426060173016}}, "SCL:Cav07c": {"name": "SCL:Cav07c", "Q_L": 700000.0, "R_over_Q": 483.0, "amp": 15000000.0, "phase": -172.61, "BPM_ref": {"SCL_Diag:BPM07": -1.681717116762787}}, "SCL:Cav08a": {"name": "SCL:Cav08a", "Q_L": 700000.0, "R_over_Q": 483.0, "amp": 15000000.0, "phase": -169.72, "BPM_ref": {"SCL_Diag:BPM08": 2.286150589791175}}, "SCL:Cav08b": {"name": "SCL:Cav08b", "Q_L": 700000.0, "R_over_Q": 483.0, "amp": 15000000.0, "phase": -166.96, "BPM_ref": {"SCL_Diag:BPM08": 2.334321677146219}}, "SCL:Cav08c": {"name": "SCL:Cav08c", "Q_L": 700000.0, "R_over_Q": 483.0, "amp": 15000000.0, "phase": -164.31, "BPM_ref": {"SCL_Diag:BPM08": 2.3805729023240687}}, "SCL:Cav09a": {"name": "SCL:Cav09a", "Q_L": 700000.0, "R_over_Q": 483.0, "amp": 15000000.0, "phase": -161.77, "BPM_ref": {"SCL_Diag:BPM09": 2.330549360073239}}, "SCL:Cav09b": {"name": "SCL:Cav09b", "Q_L": 700000.0, "R_over_Q": 483.0, "amp": 15000000.0, "phase": -159.34, "BPM_ref": {"SCL_Diag:BPM09": 2.3729608608967014}}, "SCL:Cav09c": {"name": "SCL:Cav09c", "Q_L": 700000.0, "R_over_Q": 483.0, "amp": 15000000.0, "phase": -157.02, "BPM_ref": {"SCL_Diag:BPM09": 2.41345249954297}}, "SCL:Cav10a": {"name": "SCL:Cav10a", "Q_L": 700000.0, "R_over_Q": 483.0, "amp": 15000000.0, "phase": -154.79, "BPM_ref": {"SCL_Diag:BPM10": -1.5330010055370984}}, "SCL:Cav10b": {"name": "SCL:Cav10b", "Q_L": 700000.0, "R_over_Q": 483.0, "amp": 15000000.0, "phase": -152.66, "BPM_ref": {"SCL_Diag:BPM10": -1.4958254924696188}}, "SCL:Cav10c": {"name": "SCL:Cav10c", "Q_L": 700000.0, "R_over_Q": 483.0, "amp": 15000000.0, "phase": -150.61, "BPM_ref": {"SCL_Diag:BPM10": -1.4600462428037355}}, "SCL:Cav11a": {"name": "SCL:Cav11a", "Q_L": 700000.0, "R_over_Q": 483.0, "amp": 15000000.0, "phase": -148.65, "BPM_ref": {"SCL_Diag:BPM11": 2.862052858451973}}, "SCL:Cav11b": {"name": "SCL:Cav11b", "Q_L": 700000.0, "R_over_Q": 483.0, "amp": 15000000.0, "phase": -147.78, "BPM_ref": {"SCL_Diag:BPM11": 2.8772372229443235}}, "SCL:Cav11c": {"name": "SCL:Cav11c", "Q_L": 700000.0, "R_over_Q": 483.0, "amp": 15000000.0, "phase": -146.99, "BPM_ref": {"SCL_Diag:BPM11": 2.8910253240350787}}, "SCL:Cav12a": {"name": "SCL:Cav12a", "Q_L": 700000.0, "R_over_Q": 483.0, "amp": 15000000.0, "phase": 91.38, "BPM_ref": {"SCL_Diag:BPM12": -2.982203836891088}}, "SCL:Cav12b": {"name": "SCL:Cav12b", "Q_L": 700000.0, "R_over_Q": 483.0, "amp": 15000000.0, "phase": 93.56, "BPM_ref": {"SCL_Diag:BPM12": -2.9441556591976124}}, "SCL:Cav12c": {"name": "SCL:Cav12c", "Q_L": 700000.0, "R_over_Q": 483.0, "amp": 15000000.0, "phase": 96.73, "BPM_ref": {"SCL_Diag:BPM12": -2.888828721909392}}, "SCL:Cav12d": {"name": "SCL:Cav12d", "Q_L": 700000.0, "R_over_Q": 483.0, "amp": 15000000.0, "phase": 103.99, "BPM_ref": {"SCL_Diag:BPM12": -2.7621178182146036}}, "SCL:Cav13a": {"name": "SCL:Cav13a", "Q_L": 700000.0, "R_over_Q": 483.0, "amp": 15000000.0, "phase": 103.09, "BPM_ref": {"SCL_Diag:BPM13": -1.6299384915274366}}, "SCL:Cav13b": {"name": "SCL:Cav13b", "Q_L": 700000.0, "R_over_Q": 483.0, "amp": 15000000.0, "phase": 106.25, "BPM_ref": {"SCL_Diag:BPM13": -1.5747860871644157}}, "SCL:Cav13c": {"name": "SCL:Cav13c", "Q_L": 700000.0, "R_over_Q": 483.0, "amp": 15000000.0, "phase": 109.39, "BPM_ref": {"SCL_Diag:BPM13": -1.5199827486517954}}, "SCL:Cav13d": {"name": "SCL:Cav13d", "Q_L": 700000.0, "R_over_Q": 483.0, "amp": 15000000.0, "phase": 112.5, "BPM_ref": {"SCL_Diag:BPM13": -1.4657030089147707}}, "SCL:Cav14a": {"name": "SCL:Cav14a", "Q_L": 700000.0, "R_over_Q": 483.0, "amp": 15000000.0, "phase": 115.57, "BPM_ref": {"SCL_Diag:BPM14": -1.9745224732465783}}, "SCL:Cav14b": {"name": "SCL:Cav14b", "Q_L": 700000.0, "R_over_Q": 483.0, "amp": 15000000.0, "phase": 118.61, "BPM_ref": {"SCL_Diag:BPM14": -1.9214644639859504}}, "SCL:Cav14c": {"name": "SCL:Cav14c", "Q_L": 700000.0, "R_over_Q": 483.0, "amp": 15000000.0, "phase": 121.6, "BPM_ref": {"SCL_Diag:BPM14": -1.8692791193513205}}, "SCL:Cav14d": {"name": "SCL:Cav14d", "Q_L": 700000.0, "R_over_Q": 483.0, "amp": 15000000.0, "phase": 124.53, "BPM_ref": {"SCL_Diag:BPM14": -1.8181409722678872}}, "SCL:Cav15a": {"name": "SCL:Cav15a", "Q_L": 700000.0, "R_over_Q": 483.0, "amp": 15000000.0, "phase": 127.41, "BPM_ref": {"SCL_Diag:BPM15": 1.8646929697487176}}, "SCL:Cav15b": {"name": "SCL:Cav15b", "Q_L": 700000.0, "R_over_Q": 483.0, "amp": 15000000.0, "phase": 130.23, "BPM_ref": {"SCL_Diag:BPM15": 1.9139112546549573}}, "SCL:Cav15c": {"name": "SCL:Cav15c", "Q_L": 700000.0, "R_over_Q": 483.0, "amp": 15000000.0, "phase": 132.98, "BPM_ref": {"SCL_Diag:BPM15": 1.961907809084801}}, "SCL:Cav15d": {"name": "SCL:Cav15d", "Q_L": 700000.0, "R_over_Q": 483.0, "amp": 15000000.0, "phase": 135.67, "BPM_ref": {"SCL_Diag:BPM15": 2.008857165963448}}, "SCL:Cav16a": {"name": "SCL:Cav16a", "Q_L": 700000.0, "R_over_Q": 483.0,