{"SCL:Cav01a": {"name": "SCL:Cav01a", "Q_L": 700000.0, "R_over_Q": 483.0, "amp": 15000000.0, "phase": 103.66, "BPM_ref": {"SCL_Diag:BPM00b:phaseAvg": 1.3049703627345615}}, "SCL:Cav01b": {"name": "SCL:Cav01b", "Q_L": 700000.0, "R_over_Q": 483.0, "amp": 15000000.0, "phase": 110.7, "BPM_ref": {"SCL_Diag:BPM00b:phaseAvg": 1.4278415420749688}}, "SCL:Cav01c": {"name": "SCL:Cav01c", "Q_L": 700000.0, "R_over_Q": 483.0, "amp": 15000000.0, "phase": 113.42, "BPM_ref": {"SCL_Diag:BPM00b:phaseAvg": 1.4753144977292116}}, "SCL:Cav02a": {"name": "SCL:Cav02a", "Q_L": 700000.0, "R_over_Q": 483.0, "amp": 15000000.0, "phase": 118.31, "BPM_ref": {"SCL_Diag:BPM01:phaseAvg": -0.9830825933490637}}, "SCL:Cav02b": {"name": "SCL:Cav02b", "Q_L": 700000.0, "R_over_Q": 483.0, "amp": 15000000.0, "phase": 133.66, "BPM_ref": {"SCL_Diag:BPM01:phaseAvg": -0.7151745531678948}}, "SCL:Cav02c": {"name": "SCL:Cav02c", "Q_L": 700000.0, "R_over_Q": 483.0, "amp": 15000000.0, "phase": 128.04, "BPM_ref": {"SCL_Diag:BPM01:phaseAvg": -0.8132620571300144}}, "SCL:Cav03a": {"name": "SCL:Cav03a", "Q_L": 700000.0, "R_over_Q": 483.0, "amp": 15000000.0, "phase": 132.82, "BPM_ref": {"SCL_Diag:BPM02:phaseAvg": -0.5767278081757361}}, "SCL:Cav03b": {"name": "SCL:Cav03b", "Q_L": 700000.0, "R_over_Q": 483.0, "amp": 15000000.0, "phase": 137.52, "BPM_ref": {"SCL_Diag:BPM02:phaseAvg": -0.4946973333320024}}, "SCL:Cav03c": {"name": "SCL:Cav03c", "Q_L": 700000.0, "R_over_Q": 483.0, "amp": 15000000.0, "phase": 142.13, "BPM_ref": {"SCL_Diag:BPM02:phaseAvg": -0.41423765481505725}}, "SCL:Cav04a": {"name": "SCL:Cav04a", "Q_L": 700000.0, "R_over_Q": 483.0, "amp": 15000000.0, "phase": 146.64, "BPM_ref": {"SCL_Diag:BPM03:phaseAvg": 2.852458342197604}}, "SCL:Cav04b": {"name": "SCL:Cav04b", "Q_L": 700000.0, "R_over_Q": 483.0, "amp": 15000000.0, "phase": 151.03, "BPM_ref": {"SCL_Diag:BPM03:phaseAvg": 2.9290782963601707}}, "SCL:Cav04c": {"name": "SCL:Cav04c", "Q_L": 700000.0, "R_over_Q": 483.0, "amp": 15000000.0, "phase": 155.29, "BPM_ref": {"SCL_Diag:BPM03:phaseAvg": 3.0034293224951334}}, "SCL:Cav05a": {"name": "SCL:Cav05a", "Q_L": 700000.0, "R_over_Q": 483.0, "amp": 15000000.0, "phase": 159.42, "BPM_ref": {"SCL_Diag:BPM04:phaseAvg": 0.43682027188072325}}, "SCL:Cav05b": {"name": "SCL:Cav05b", "Q_L": 700000.0, "R_over_Q": 483.0, "amp": 15000000.0, "phase": 163.41, "BPM_ref": {"SCL_Diag:BPM04:phaseAvg": 0.5064589090352918}}, "SCL:Cav05c": {"name": "SCL:Cav05c", "Q_L": 700000.0, "R_over_Q": 483.0, "amp": 15000000.0, "phase": 167.26, "BPM_ref": {"SCL_Diag:BPM04:phaseAvg": 0.5736540852370702}}, "SCL:Cav06a": {"name": "SCL:Cav06a", "Q_L": 700000.0, "R_over_Q": 483.0, "amp": 15000000.0, "phase": 170.96, "BPM_ref": {"SCL_Diag:BPM05:phaseAvg": 0.35404901558090884}}, "SCL:Cav06b": {"name": "SCL:Cav06b", "Q_L": 700000.0, "R_over_Q": 483.0, "amp": 15000000.0, "phase": 174.52, "BPM_ref": {"SCL_Diag:BPM05:phaseAvg": 0.4161827369519351}}, "SCL:Cav06c": {"name": "SCL:Cav06c", "Q_L": 700000.0, "R_over_Q": 483.0, "amp": 15000000.0, "phase": 177.87, "BPM_ref": {"SCL_Diag:BPM05:phaseAvg": 0.47465126689369797}}, "SCL:Cav07a": {"name": "SCL:Cav07a", "Q_L": 700000.0, "R_over_Q": 483.0, "amp": 15000000.0, "phase": -178.77, "BPM_ref": {"SCL_Diag:BPM06:phaseAvg": -0.8308771553239431}}, "SCL:Cav07b": {"name": "SCL:Cav07b", "Q_L": 700000.0, "R_over_Q": 483.0, "amp": 15000000.0, "phase": -175.63, "BPM_ref": {"SCL_Diag:BPM06:phaseAvg": -0.7760738168113441}}, "SCL:Cav07c": {"name": "SCL:Cav07c", "Q_L": 700000.0, "R_over_Q": 483.0, "amp": 15000000.0, "phase": -172.61, "BPM_ref": {"SCL_Diag:BPM06:phaseAvg": -0.7233648734011062}}, "SCL:Cav08a": {"name": "SCL:Cav08a", "Q_L": 700000.0, "R_over_Q": 483.0, "amp": 15000000.0, "phase": -169.72, "BPM_ref": {"SCL_Diag:BPM07:phaseAvg": -0.7932358197255844}}, "SCL:Cav08b": {"name": "SCL:Cav08b", "Q_L": 700000.0, "R_over_Q": 483.0, "amp": 15000000.0, "phase": -166.96, "BPM_ref": {"SCL_Diag:BPM07:phaseAvg": -0.7450647323705546}}, "SCL:Cav08c": {"name": "SCL:Cav08c", "Q_L": 700000.0, "R_over_Q": 483.0, "amp": 15000000.0, "phase": -164.31, "BPM_ref": {"SCL_Diag:BPM07:phaseAvg": -0.6988135071926997}}, "SCL:Cav09a": {"name": "SCL:Cav09a", "Q_L": 700000.0, "R_over_Q": 483.0, "amp": 15000000.0, "phase": -161.77, "BPM_ref": {"SCL_Diag:BPM08:phaseAvg": 0.021718168608078514}}, "SCL:Cav09b": {"name": "SCL:Cav09b", "Q_L": 700000.0, "R_over_Q": 483.0, "amp": 15000000.0, "phase": -159.34, "BPM_ref": {"SCL_Diag:BPM08:phaseAvg": 0.06412966943152654}}, "SCL:Cav09c": {"name": "SCL:Cav09c", "Q_L": 700000.0, "R_over_Q": 483.0, "amp": 15000000.0, "phase": -157.02, "BPM_ref": {"SCL_Diag:BPM08:phaseAvg": 0.10462130807777115}}, "SCL:Cav10a": {"name": "SCL:Cav10a", "Q_L": 700000.0, "R_over_Q": 483.0, "amp": 15000000.0, "phase": -154.79, "BPM_ref": {"SCL_Diag:BPM09:phaseAvg": 2.491648187593441}}, "SCL:Cav10b": {"name": "SCL:Cav10b", "Q_L": 700000.0, "R_over_Q": 483.0, "amp": 15000000.0, "phase": -152.66, "BPM_ref": {"SCL_Diag:BPM09:phaseAvg": 2.528823700660922}}, "SCL:Cav10c": {"name": "SCL:Cav10c", "Q_L": 700000.0, "R_over_Q": 483.0, "amp": 15000000.0, "phase": -150.61, "BPM_ref": {"SCL_Diag:BPM09:phaseAvg": 2.564602950326801}}, "SCL:Cav11a": {"name": "SCL:Cav11a", "Q_L": 700000.0, "R_over_Q": 483.0, "amp": 15000000.0, "phase": -148.65, "BPM_ref": {"SCL_Diag:BPM10:phaseAvg": 0.18093909053779456}}, "SCL:Cav11b": {"name": "SCL:Cav11b", "Q_L": 700000.0, "R_over_Q": 483.0, "amp": 15000000.0, "phase": -147.78, "BPM_ref": {"SCL_Diag:BPM10:phaseAvg": 0.19612345503013628}}, "SCL:Cav11c": {"name": "SCL:Cav11c", "Q_L": 700000.0, "R_over_Q": 483.0, "amp": 15000000.0, "phase": -146.99, "BPM_ref": {"SCL_Diag:BPM10:phaseAvg": 0.20991155612090395}}, "SCL:Cav12a": {"name": "SCL:Cav12a", "Q_L": 700000.0, "R_over_Q": 483.0, "amp": 15000000.0, "phase": 91.38, "BPM_ref": {"SCL_Diag:BPM11:phaseAvg": -3.1192908679039313}}, "SCL:Cav12b": {"name": "SCL:Cav12b", "Q_L": 700000.0, "R_over_Q": 483.0, "amp": 15000000.0, "phase": 93.56, "BPM_ref": {"SCL_Diag:BPM11:phaseAvg": -3.081242690210434}}, "SCL:Cav12c": {"name": "SCL:Cav12c", "Q_L": 700000.0, "R_over_Q": 483.0, "amp": 15000000.0, "phase": 96.73, "BPM_ref": {"SCL_Diag:BPM11:phaseAvg": -3.02591575292222}}, "SCL:Cav12d": {"name": "SCL:Cav12d", "Q_L": 700000.0, "R_over_Q": 483.0, "amp": 15000000.0, "phase": 103.99, "BPM_ref": {"SCL_Diag:BPM11:phaseAvg": -2.899204849227477}}, "SCL:Cav13a": {"name": "SCL:Cav13a", "Q_L": 700000.0, "R_over_Q": 483.0, "amp": 15000000.0, "phase": 103.09, "BPM_ref": {"SCL_Diag:BPM12:phaseAvg": -1.8897849954274157}}, "SCL:Cav13b": {"name": "SCL:Cav13b", "Q_L": 700000.0, "R_over_Q": 483.0, "amp": 15000000.0, "phase": 106.25, "BPM_ref": {"SCL_Diag:BPM12:phaseAvg": -1.834632591064402}}, "SCL:Cav13c": {"name": "SCL:Cav13c", "Q_L": 700000.0, "R_over_Q": 483.0, "amp": 15000000.0, "phase": 109.39, "BPM_ref": {"SCL_Diag:BPM12:phaseAvg": -1.7798292525517887}}, "SCL:Cav13d": {"name": "SCL:Cav13d", "Q_L": 700000.0, "R_over_Q": 483.0, "amp": 15000000.0, "phase": 112.5, "BPM_ref": {"SCL_Diag:BPM12:phaseAvg": -1.725549512814748}}, "SCL:Cav14a": {"name": "SCL:Cav14a", "Q_L": 700000.0, "R_over_Q": 483.0, "amp": 15000000.0, "phase": 115.57, "BPM_ref": {"SCL_Diag:BPM13:phaseAvg": -2.831132759544854}}, "SCL:Cav14b": {"name": "SCL:Cav14b", "Q_L": 700000.0, "R_over_Q": 483.0, "amp": 15000000.0, "phase": 118.61, "BPM_ref": {"SCL_Diag:BPM13:phaseAvg": -2.7780747502842438}}, "SCL:Cav14c": {"name": "SCL:Cav14c", "Q_L": 700000.0, "R_over_Q": 483.0, "amp": 15000000.0, "phase": 121.6, "BPM_ref": {"SCL_Diag:BPM13:phaseAvg": -2.7258894056495784}}, "SCL:Cav14d": {"name": "SCL:Cav14d", "Q_L": 700000.0, "R_over_Q": 483.0, "amp": 15000000.0, "phase": 124.53, "BPM_ref": {"SCL_Diag:BPM13:phaseAvg": -2.6747512585661717}}, "SCL:Cav15a": {"name": "SCL:Cav15a", "Q_L": 700000.0, "R_over_Q": 483.0, "amp": 15000000.0, "phase": 127.41, "BPM_ref": {"SCL_Diag:BPM14:phaseAvg": 2.6039499070170855}}, "SCL:Cav15b": {"name": "SCL:Cav15b", "Q_L": 700000.0, "R_over_Q": 483.0, "amp": 15000000.0, "phase": 130.23,